city,location,mean,std,count,volatility
Islamabad,12th Avenue,7530000.0,14980000.0,4,1.9893758300132802
Islamabad,7th Avenue,9427447.916666666,32697606.964821648,48,3.468341300195991
Islamabad,9th Avenue,9789000.0,28178576.737001408,27,2.8785960503627956
Islamabad,AGHOSH,25005833.333333332,13024983.845159529,6,0.5208778156493963
Islamabad,Abdullah Garden,6685900.0,6189853.748945394,10,0.9258071088328264
Islamabad,Agha Shahi Avenue,17500.0,10606.601717798212,2,0.6060915267313264
Islamabad,Agro Farming Scheme,95000000.0,,1,0.0
Islamabad,Ahmed Town,8000000.0,,1,0.0
Islamabad,Airline Avenue,13500000.0,,1,0.0
Islamabad,Airport Avenue Housing Society,7181250.0,4926432.744221048,4,0.686013262902844
Islamabad,Airport Enclave,10740000.0,2690353.1366718384,5,0.2504984298577131
Islamabad,Aiza Garden,8500000.0,,1,0.0
Islamabad,Akbar Town,25000.0,,1,0.0
Islamabad,Al Huda Town,6012437.5,6713186.370534913,8,1.1165498802332519
Islamabad,Al Qaim Town,1215000.0,2390000.0,4,1.9670781893004115
Islamabad,Alhamra Avenue,12100000.0,,1,0.0
Islamabad,Ali Pur,4656055.555555556,4911066.959688056,36,1.0547698370626664
Islamabad,Alipur Farash,6682838.70967742,7701693.212520541,31,1.15245834099927
Islamabad,Arsalan Town,4843636.363636363,1874956.6228748697,22,0.38709690036831024
Islamabad,Ataturk Avenue,45000.0,,1,0.0
Islamabad,Athal,35500000.0,63022852.99794036,4,1.7752916337447988
Islamabad,Atomic Energy Employee Society,13000000.0,,1,0.0
Islamabad,Azmat Town,3741666.6666666665,4468803.904103797,3,1.1943351191368723
Islamabad,B-17,7665542.750929368,11302070.81781834,538,1.4743992937027297
Islamabad,Bahria Town,15914034.376918355,17242564.51988523,1629,1.0834816685386686
Islamabad,Bani Gala,9183743.765084473,30958238.083060205,1243,3.3709823439063955
Islamabad,Bhara kahu,12492557.324840764,33142192.93867326,314,2.652955041700856
Islamabad,Blue Area,20205333.333333332,35978869.36159141,27,1.780662004829983
Islamabad,Bokra Road,6515000.0,9171174.951989522,2,1.4077014508042245
Islamabad,Burma Town,3991577.4647887326,2057126.5858818828,71,0.5153668202680775
Islamabad,C-14,45000.0,,1,0.0
Islamabad,C-18,6333333.333333333,2476076.0046800626,15,0.3909593691600099
Islamabad,C-19,4700000.0,,1,0.0
Islamabad,CBR Town,13147800.56980057,8948086.75448714,351,0.6805767023147711
Islamabad,Capital Enclave,10151250.0,11554798.696501236,4,1.1382636322129034
Islamabad,Central Avenue,50000.0,,1,0.0
Islamabad,Chak Shahzad,51488308.641975306,78214711.6113142,81,1.5190771201124769
Islamabad,Chatha Bakhtawar,5355034.090909091,9267155.125779498,88,1.730550164285933
Islamabad,Chattar,7618625.0,10952750.034428187,16,1.4376281854571116
Islamabad,Chirah,300000000.0,,1,0.0
Islamabad,City Garden,70000000.0,0.0,2,0.0
Islamabad,Club Road,800000000.0,,1,0.0
Islamabad,D-12,13507229.865771811,20175033.26822446,596,1.4936469926634839
Islamabad,D-13,6900000.0,5432003.927342714,4,0.7872469459916976
Islamabad,D-14,4750000.0,1837570.8603116963,4,0.386857023223515
Islamabad,D-17,9105077.821011674,11227317.868367212,257,1.2330831310917598
Islamabad,D-18,13144090.909090908,13630164.741884418,11,1.0369804071012112
Islamabad,DHA Defence,10320461.803805951,16616498.31116787,3731,1.6100537579665364
Islamabad,Dhok Chaudhrian,7791714.285714285,5534365.417229746,7,0.7102885468191159
Islamabad,Diplomatic Enclave,10948818.713450292,19100364.78206944,171,1.7445137491047524
Islamabad,E-11,7596978.260869565,18486844.679847773,2760,2.4334470950206106
Islamabad,E-12,12079333.333333334,15450090.010525288,3,1.2790515489700276
Islamabad,E-14,5681800.0,4152533.51849473,10,0.730848237969434
Islamabad,E-16,12657142.857142856,7471692.611195303,7,0.5903143146542564
Islamabad,E-18,9768352.94117647,6880542.5743648335,17,0.7043707998470582
Islamabad,E-7,55219647.058823526,104050170.06741293,187,1.884296180969284
Islamabad,Emaar Canyon Views,25978911.76470588,17905703.11105011,34,0.6892399217189777
Islamabad,Embassy Road,109870000.0,96078142.6756367,5,0.8744711265644552
Islamabad,Engineering Co-operative Housing (ECHS),6917200.0,14326674.237240128,5,2.0711666913259887
Islamabad,F-10,20677440.321583178,40888109.86927905,1617,1.9774260853070826
Islamabad,F-11,14915138.749302065,30396369.965172626,1791,2.037954220613267
Islamabad,F-15,12320350.0,16588850.23020491,60,1.346459331934962
Islamabad,F-17,12813047.131147541,10554754.708939308,244,0.8237505568274626
Islamabad,F-6,38183289.53229399,114102216.08807772,898,2.9882762194067736
Islamabad,F-7,33056570.60518732,80534241.52601309,1388,2.436255184721898
Islamabad,F-8,28682885.616438355,65562749.74486823,1460,2.285779423367842
Islamabad,F-9,25125000.0,35178562.36403074,2,1.4001417856330642
Islamabad,FECHS,5067522.082018928,6605909.81043198,317,1.3035779032659194
Islamabad,Faisal Town - F-18,12721571.42857143,5133304.573112347,35,0.40351183043184724
Islamabad,Fateh Jang Road,13156250.0,17161739.78651349,8,1.3044552806851109
Islamabad,Federal Government Employees Housing Foundation,24000.0,,1,0.0
Islamabad,Frash Town,3640000.0,801872.8078691782,5,0.22029472743658743
Islamabad,G-10,10954020.733652312,17800127.400297496,627,1.6249857320073322
Islamabad,G-11,9203160.388821386,17259542.49317322,1646,1.8753929915355505
Islamabad,G-12,2426833.3333333335,3766004.1644515824,6,1.551818212122072
Islamabad,G-13,9708659.438946528,13852427.042640194,2506,1.426811510873565
Islamabad,G-14,9834100.0,18116404.71440459,160,1.8422026127865885
Islamabad,G-15,7887303.792250618,11554154.821075173,1213,1.4649055146610792
Islamabad,G-16,4658266.666666667,13459178.219350165,30,2.8893103771109776
Islamabad,G-5,8070352.94117647,17859332.213653654,17,2.2129555353808574
Islamabad,G-6,43865960.0,84663690.32643014,150,1.930054427771104
Islamabad,G-7,21383735.29411765,28488715.69726025,34,1.3322609593421724
Islamabad,G-8,13933215.151515152,13986009.169142645,165,1.0037890764660842
Islamabad,G-9,14536069.026548672,18296753.64429091,565,1.2587140038254994
Islamabad,GT Road,4151450.0,2268656.4879959933,20,0.5464732775285728
Islamabad,Garden Town,6548538.461538462,4069263.3775534164,13,0.6214002409016035
Islamabad,Ghauri Town,6101103.55987055,6113058.46703082,927,1.001959466356038
Islamabad,Golra Mor,7516363.636363637,5561034.566925965,11,0.7398570420438512
Islamabad,Golra Road,21179250.0,23215280.64838617,4,1.0961332742371033
Islamabad,Green Avenue,9632609.75609756,15693327.043609379,82,1.6291874622736906
Islamabad,Green Hills Housing Scheme,22000.0,,1,0.0
Islamabad,Gulberg,11527988.118811881,15067387.023967275,505,1.307026592036441
Islamabad,Gulshan-e-Khudadad,6643684.2105263155,4961974.573948825,19,0.7468709253349257
Islamabad,H-11,10000000.0,7071067.811865475,2,0.7071067811865475
Islamabad,H-12,4404285.714285715,3002779.8628540696,7,0.6817858916632659
Islamabad,H-13,6485556.900726392,17721495.035540637,413,2.7324554092734585
Islamabad,H-15,7942857.142857143,5834340.049184981,7,0.7345392148254473
Islamabad,H-8,100000.0,,1,0.0
Islamabad,H-9,138833333.33333334,183109484.55318564,3,1.3189158551249864
Islamabad,I-10,6031760.721247563,9389685.038589388,1026,1.5567071494585578
Islamabad,I-11,5677071.428571428,4021020.791682488,21,0.7082913861970437
Islamabad,I-12,14098333.333333334,36406900.559280425,21,2.5823549279546345
Islamabad,I-13,6372483.870967742,5543382.546610374,31,0.8698935389802
Islamabad,I-14,9476531.468531469,6819445.38635833,143,0.7196140707181238
Islamabad,I-16,10102375.0,24105032.05245743,16,2.3860757547069307
Islamabad,I-8,11920541.602465332,25091428.82328219,2596,2.1048900008111158
Islamabad,I-9,10780878.260869564,11038578.463453595,115,1.0239034516806838
Islamabad,IJP Road,10479600.0,16707524.387399696,10,1.5942902770525302
Islamabad,Ibn-e-Sina Road,39000.0,4242.640687119285,4,0.10878565864408422
Islamabad,Iqbal Town,14166666.666666666,7941452.428030194,6,0.5605731125668373
Islamabad,Islamabad - Murree Expressway,7781517.24137931,5761289.97596824,29,0.7403813160410121
Islamabad,Islamabad Enclave,400000.0,,1,0.0
Islamabad,Islamabad Expressway,6306246.153846154,6051728.727786097,65,0.9596404231850626
Islamabad,Islamabad Highway,13051312.5,39715848.28410976,80,3.043053967492523
Islamabad,Islamabad View Valley,7000000.0,,1,0.0
Islamabad,"Islamabad, Islamabad Capital",4300000.0,,1,0.0
Islamabad,Jagiot Road,3100000.0,,1,0.0
Islamabad,Japan Road,3500000.0,0.0,2,0.0
Islamabad,Jhang Syedan,3560611.111111111,2740101.117474851,18,0.7695592222706359
Islamabad,Jhangi Syedan,4915310.810810811,3884302.481626369,37,0.7902455472567826
Islamabad,Jinnah Avenue,28066666.666666668,6323817.412502252,6,0.22531415959034148
Islamabad,Judicial Town,10918600.0,12650845.41839003,5,1.158650872675071
Islamabad,Kahuta Road,4200000.0,,1,0.0
Islamabad,Kahuta Triangle Industrial Area,23040.0,56.568542494923804,2,0.002455231879119957
Islamabad,Karakoram Diplomatic Enclave,19334769.230769232,24845897.43161205,39,1.285037185345478
Islamabad,Karakoram Enclave 1,55000000.0,,1,0.0
Islamabad,Kashmir Highway,32546093.75,61445303.55152714,32,1.88794710737067
Islamabad,Khanna Pul,5871645.161290322,3731895.0105666784,31,0.6355791108035174
Islamabad,Khayaban-e-Iqbal,700000.0,,1,0.0
Islamabad,Koral Chowk,3654724.1379310344,2717619.072125868,29,0.7435907525606931
Islamabad,Koral Town,5422666.666666667,6416708.37586939,15,1.1833123388006004
Islamabad,Korang Road,799923.0769230769,2764324.3738009008,13,3.4557377497270614
Islamabad,Korang Town,8229995.575221239,10716093.555747628,226,1.3020776813065975
Islamabad,Kuri,10500000.0,707106.7811865475,2,0.06734350297014738
Islamabad,Kuri Model Town,16250000.0,9545941.546018392,2,0.5874425566780549
Islamabad,Kuri Road,14078160.714285715,33415531.76417805,56,2.3735722614865358
Islamabad,Lawyers Society,5800000.0,,1,0.0
Islamabad,Lehtarar Road,6183469.879518072,15053714.607897712,83,2.4345092482395936
Islamabad,Madina Town,4200571.428571428,3265508.1761269025,14,0.7773961785093293
Islamabad,Malot,80000000.0,,1,0.0
Islamabad,Malpur,20000.0,0.0,2,0.0
Islamabad,Margalla Town,7532730.769230769,23912032.983293273,78,3.1744175805363524
Islamabad,Marwa Town,6343125.0,3645584.9439196084,16,0.5747301123530765
Islamabad,Meherban Colony,17589384.615384616,40204924.83211989,13,2.285749371638307
Islamabad,Model Town,12500000.0,4949747.468305833,2,0.3959797974644666
Islamabad,Motorway Chowk,10591842.105263159,11114770.10440091,19,1.0493708265229809
Islamabad,Multi Residencia & Orchards,9488888.888888888,3755144.6192005854,9,0.3957412362155184
Islamabad,Mumtaz City,28420000.0,23915099.832532585,5,0.8414883825662416
Islamabad,Murree Road,38005555.55555555,72619901.73346269,9,1.9107706931769164
Islamabad,NHA Housing Society,200000.0,,1,0.0
Islamabad,NIH Colony,15586666.666666666,18063366.980346344,6,1.1588986514336834
Islamabad,National Police Foundation,11143847.826086957,20291243.48300219,92,1.8208471436142397
Islamabad,National Police Foundation O-9,7597203.296703297,10356362.72968697,273,1.3631809397783226
Islamabad,National Town,13500.0,,1,0.0
Islamabad,Naval Anchorage,10329257.94117647,17486354.443813752,170,1.6928955151856835
Islamabad,Naval Farms Housing Scheme,99285714.28571428,39800325.803514905,14,0.40086659082676884
Islamabad,Nazim-ud-din Road,271000.0,323854.90578343876,2,1.1950365527064162
Islamabad,New Airport Town,16000.0,,1,0.0
Islamabad,New Shakrial,4904000.0,3916390.211114603,8,0.7986113807329941
Islamabad,OPF Valley,2800000.0,,1,0.0
Islamabad,Orchard Scheme,183212500.0,237091713.5308613,4,1.294080445007089
Islamabad,Others,7084444.444444444,6083223.058361231,9,0.8586732673345527
Islamabad,PAEC Employees Cooperative Housing Society,8333333.333333333,1984313.483298443,9,0.23811761799581319
Islamabad,PAF Tarnol,2539000.0,5568397.884490655,5,2.1931460750258585
Islamabad,PECHS,11250000.0,3889087.2965260115,2,0.3456966485800899
Islamabad,PTV Colony,4500000.0,,1,0.0
Islamabad,PWD Housing Scheme,5881364.779874214,8850610.115841256,636,1.5048565166587995
Islamabad,PWD Road,10614490.02,29797759.31516342,50,2.807271876370695
Islamabad,Pakistan Intelligence Bureau Housing Society,11833333.333333334,3013856.886670854,3,0.2546921312679595
Islamabad,Pakistan Town,7357831.295843521,9953311.25601999,409,1.3527506755479255
Islamabad,Park Enclave,110000.0,,1,0.0
Islamabad,Park Road,9812464.285714285,11803548.018011028,28,1.2029137303659296
Islamabad,Park View City,28500000.0,21344642.18486691,17,0.7489348135041021
Islamabad,Partal Town,3850000.0,1511070.2608857516,4,0.3924857820482472
Islamabad,Phulgran,8333333.333333333,1258305.7392117917,3,0.150996688705415
Islamabad,Pindorian,4910000.0,1912589.867169645,5,0.38952950451520263
Islamabad,Pir Sohawa,11327041.666666666,14476535.471550435,24,1.2780508713190428
Islamabad,Police Foundation Housing Society,9590333.333333334,5829319.056859614,6,0.607832788939517
Islamabad,Qutbal Town,4651714.285714285,3012848.138350472,7,0.6476855527440976
Islamabad,Raja Akhtar Road,15775000.0,13971488.82546166,4,0.8856728257027994
Islamabad,Rawal Enclave,3233333.3333333335,2731910.198621714,3,0.8449206799860971
Islamabad,Rawal Town,12644733.333333334,16197256.118891012,15,1.2809488102206725
Islamabad,River Garden,6091395.604395605,5403868.815496132,91,0.8871314829062575
Islamabad,Royal Avenue,9848500.0,10603030.468646577,22,1.0766137451029676
Islamabad,Royal City,4320500.0,4104311.9486009553,8,0.9499622609885326
Islamabad,Sangjani,39950000.0,42497117.549311504,2,1.0637576357775096
Islamabad,Sarai Kharbuza,4425000.0,1696626.5548631102,7,0.38341843047753904
Islamabad,Sehala Farm House,75000000.0,,1,0.0
Islamabad,Shah Allah Ditta,20756777.777777776,16548167.940379579,18,0.7972416584859362
Islamabad,Shah Dara,33500000.0,37476659.40288702,2,1.1187062508324483
Islamabad,Shaheen Town,6643020.833333333,3959980.1712891883,48,0.5961113581668764
Islamabad,Shahpur,4200000.0,4553599.831844189,15,1.0841904361533783
Islamabad,Shehzad Town,3748400.0,8186528.224143974,35,2.1840060356802833
Islamabad,Sihala,15500000.0,,1,0.0
Islamabad,Sihala Valley,3700000.0,,1,0.0
Islamabad,Simly Dam Road,59029166.666666664,114738194.88583966,30,1.943754272083117
Islamabad,Soan Garden,7585402.17877095,8394163.454541057,716,1.1066207508460875
Islamabad,Sohan Valley,6149555.555555556,3839495.641067688,9,0.6243533547069199
Islamabad,Spring Valley,6334333.333333333,7516857.820924911,9,1.1866849162119
Islamabad,Swan Garden,7840724.137931035,7254412.897858161,29,0.9252223098582848
Islamabad,Taramrri,3999955.882352941,3341126.906534741,34,0.8352909394013993
Islamabad,Tarlai,20964552.63157895,43398454.074283525,38,2.0700872962541705
Islamabad,Tarnol,7662065.7894736845,9811240.637154372,38,1.280495483428669
Islamabad,Thalian,6356250.0,4262157.855280977,4,0.6705459752654437
Islamabad,Thanda Pani,4612181.818181818,3569473.479065073,22,0.7739229761050933
Islamabad,The Springs,7480176.470588235,5747838.063516731,17,0.768409420034007
Islamabad,Top City 1,4867500.0,4370510.757990911,8,0.8978964063669052
Islamabad,Tumair,102066666.66666667,171417657.58909824,3,1.6794675792530853
Islamabad,University Town,4460000.0,4801541.419169473,3,1.0765787935357565
Islamabad,Victoria Heights,25000.0,,1,0.0
Islamabad,Wapda Town,6900000.0,141421.35623730952,2,0.02049584873004486
Islamabad,Zaraj Housing Scheme,13315100.0,10839857.174374813,72,0.8141025733471632
Islamabad,Zero Point,5422700.0,6995652.904959383,10,1.290068214166261
Islamabad,Zone 5,18500000.0,2121320.343559643,2,0.11466596451673745
Karachi,APP Employees Co-operative Housing Society,39000000.0,0.0,2,0.0
Karachi,ASF Housing Scheme,4664000.0,2066200.3775045634,4,0.44301037253528375
Karachi,ASF Tower,5461538.461538462,1901113.0343119446,13,0.34809111895852507
Karachi,Abdullah Ahmed Road,45966666.666666664,72782575.75363305,3,1.5833772825300882
Karachi,Abdullah Haroon Road,17161111.111111112,17831253.772831317,9,1.0390500741695166
Karachi,Abid Town,8395894.736842105,9118716.057859223,19,1.086092232415123
Karachi,Abul Hassan Isphani Road,7484119.760479042,11108915.54509173,167,1.4843316115482192
Karachi,Ahsan Grand City,52000.0,,1,0.0
Karachi,Airport,13517112.24489796,8419263.539899524,98,0.6228596306195044
Karachi,Aisha Manzil,10329591.836734693,14104949.847657448,49,1.3654895634401165
Karachi,Al-Hilal Society,18446333.333333332,22445575.11488835,15,1.216804158815032
Karachi,Al-Jadeed Residency,7978571.428571428,6630601.854460947,7,0.8310512619736192
Karachi,Al-Manzar Society,9800000.0,4071240.5971644567,5,0.41543271399637316
Karachi,Al-Safaa Garden,5750000.0,3181980.515339464,2,0.5533879157112112
Karachi,Allama Iqbal Town,48500000.0,44547727.214752495,2,0.9185098394794329
Karachi,Altaf Hussain Road,1768000.0,3488006.0206370056,4,1.9728540840707045
Karachi,Amil Colony,26707000.0,22521265.03749043,10,0.8432719900209844
Karachi,Amir Khusro,26101617.021276597,31909292.880147126,47,1.2225025313234974
Karachi,Anda Mor Road,7196620.0,5305657.878780601,25,0.7372430222494172
Karachi,Azam Town,11017285.714285715,7956130.95130326,21,0.722149825068695
Karachi,BMCHS,13072777.777777778,13214584.062483557,9,1.0108474485772132
Karachi,Bagh-e-Korangi,13095238.095238095,10310939.636642056,21,0.7873808449799388
Karachi,Bahria Town Karachi,11291870.496022461,7413688.7521797735,8548,0.6565509899171471
Karachi,Baldia Town,5432609.375,7777172.517482396,32,1.4315721931474958
Karachi,Baloch Colony,23379444.444444444,33672594.89250675,27,1.4402649717584808
Karachi,Bath Island,27563357.98816568,27354100.773389015,338,0.9924081378304301
Karachi,Beaumont Road,16000.0,,1,0.0
Karachi,Bilal Town,9666666.666666666,2753785.273643051,3,0.28487433865272943
Karachi,Bin Qasim Town,9868480.349344978,11767176.173644455,229,1.1924000207818728
Karachi,Blue Bell Residency,30500000.0,34648232.27814083,2,1.1360076156767485
Karachi,Britto Road,9012700.0,8639173.54650702,10,0.9585555434561251
Karachi,Cantt,29405377.777777776,32508294.001853354,1620,1.105522066321505
Karachi,Catholic Colony,15000000.0,5220153.254455275,3,0.348010216963685
Karachi,Chapal Courtyard,11616666.666666666,8704117.799447952,6,0.7492784332379873
Karachi,Chapal Skymark,41250000.0,1767766.9529663688,2,0.04285495643554833
Karachi,Chapal Uptown,8634000.0,1437108.2074777808,5,0.1664475570393538
Karachi,Civil Lines,24328809.523809522,25778846.2760147,210,1.0596016319987254
Karachi,Clifton,22184013.845350053,44489300.864480734,1914,2.0054666921246107
Karachi,Cosmopolitan Society,18467142.85714286,14188071.624733625,21,0.7682873162615871
Karachi,Cotton Export Cooperative Housing Society,9187500.0,3454784.4671246447,8,0.3760309624081246
Karachi,Cutchi Memon Cooperative Housing Society,102032000.0,109982394.63154495,10,1.0779205997289572
Karachi,DHA City Karachi,31826551.724137932,47087354.196054906,29,1.479499086303555
Karachi,DHA Defence,43411001.10094262,67512351.6746573,10927,1.5551899279556431
Karachi,Dalmia Cement Factory Road,12855555.555555556,9963697.997118229,9,0.7750499738467075
Karachi,Damba,43333.333333333336,14571.661996262928,3,0.33626912299068296
Karachi,Darul Aman Society,125000000.0,58022983.95176403,4,0.46418387161411223
Karachi,Dastgir Colony,10526787.234042553,9291676.335713573,47,0.8826697195574773
Karachi,Defence Garden,13932285.714285715,12922785.054756138,7,0.9275423516118058
Karachi,Defence View Society,10324508.241758242,14282391.211155616,182,1.38334832775758
Karachi,Delhi Colony,3908704.761904762,3697014.4709663778,105,0.9458413198659638
Karachi,Dhabeji,12510000.0,17663527.39403996,2,1.411952629419661
Karachi,Diamond City,9973684.210526315,8367253.771251033,19,0.8389330957982566
Karachi,Dr Daud Pota Road,18750000.0,16617009.357883867,2,0.8862404990871395
Karachi,Erum Villas,5000000.0,,1,0.0
Karachi,Etawa Society,14967857.142857144,5378217.629263887,28,0.3593178086838197
Karachi,Falaknaz Dynasty,3666666.6666666665,3118225.991382493,3,0.8504252703770436
Karachi,Falaknaz Presidency,8202727.2727272725,4173159.339692036,22,0.5087526624915483
Karachi,Falcon Complex Faisal,82630357.14285715,44253588.66214154,14,0.5355609027035044
Karachi,Fazaia Housing Scheme,7369633.333333333,4884815.395836023,180,0.6628301809455952
Karachi,Federal B Area,12359073.070607554,17026517.480662312,2436,1.377653274107984
Karachi,Frere Town,19077463.302752294,17670494.993863076,218,0.926249717451364
Karachi,Gadap Road,4500000.0,,1,0.0
Karachi,Gadap Town,7634010.661837339,8377463.52686417,3037,1.09738693040388
Karachi,Garden West,7386907.657657658,5441948.431825406,222,0.7367018357382599
Karachi,Gizri,7109658.416666667,7847980.328528034,120,1.1038477334059498
Karachi,Gizri Road,12369333.333333334,17025265.01907377,12,1.376409266390571
Karachi,Gobal Town,6500000.0,,1,0.0
Karachi,Golimar,8530232.558139535,4701647.881516849,43,0.5511746425987581
Karachi,Goth Ibrahim Haidri,12000000.0,,1,0.0
Karachi,Gujjar Chowk,10250000.0,6717514.421272201,2,0.6553672606119221
Karachi,Gulberg Town,11475793.103448275,14020859.429840276,145,1.2217769441684385
Karachi,Gulistan-e-Jauhar,11850434.745788667,13029495.419730896,5877,1.0994951408311189
Karachi,Gulistan-e-Malir,5750000.0,353553.39059327374,2,0.061487546190134565
Karachi,Gulshan-E-Faisal,125000.0,,1,0.0
Karachi,Gulshan-e-Amin,6165000.0,3657338.513181409,5,0.5932422568015262
Karachi,Gulshan-e-Areesha,5764200.0,7423636.377589265,10,1.2878866759635794
Karachi,Gulshan-e-Ghazian,4000000.0,,1,0.0
Karachi,Gulshan-e-Iqbal Town,17174316.64170175,27414173.8393,4513,1.5962308376645613
Karachi,Gulshan-e-Jami,20000000.0,,1,0.0
Karachi,Gulshan-e-Malir,2883250.0,3316526.6343972976,4,1.1502736961405697
Karachi,Gulshan-e-Millat,7762500.0,3901716.6551587083,8,0.5026366061396081
Karachi,Gulshan-e-Umair,9007500.0,5998907.539433048,4,0.6659902902506853
Karachi,Gulshan-e-Usman Housing Society,10050000.0,1919056.4811327928,10,0.19095089364505402
Karachi,Guru Mandir Chorangi,10395692.307692308,8841614.703440914,13,0.8505075411763148
Karachi,Hassan Goth,5185714.285714285,12899544.246144582,14,2.4875154193667237
Karachi,Hawks Bay Scheme 42,14200000.0,17547839.373172604,4,1.2357633361389158
Karachi,Hill Park,22065696.42857143,23108470.103106543,56,1.047257682435298
Karachi,Hoshang Road,17000000.0,,1,0.0
Karachi,Hub River Road,9250000.0,4666369.038128039,6,0.5044723284462744
Karachi,Humaira Town,9500000.0,,1,0.0
Karachi,I. I. Chundrigar Road,7266666.666666667,4100406.4839151413,3,0.5642761216396983
Karachi,Intelligence Colony,6066666.666666667,2759226.9448766503,3,0.4548176282763709
Karachi,Jamaluddin Afghani Road,7535000.0,10557104.243115155,2,1.40107554653154
Karachi,Jamshed Road,9248943.181818182,8177945.71390703,176,0.8842032601068902
Karachi,Jamshed Town,30614759.31612003,51394902.2748183,1433,1.6787622513745064
Karachi,Javed Bahria Coopretive Housing Society,24511666.666666668,24236190.053994324,3,0.9887614083359348
Karachi,Jinnah Avenue,12374550.505050505,8417210.937385455,198,0.6802033685142813
Karachi,KDA Scheme 1,105782240.0,210360013.7195837,100,1.9886137192744613
Karachi,Kamran Chowrangi,11647368.421052631,4814488.368000699,19,0.41335417529151963
Karachi,Karachi Golf City,4950000.0,,1,0.0
Karachi,Karachi Motorway,8417391.304347826,5014039.577563733,23,0.5956761894832947
Karachi,"Karachi, Sindh",12000000.0,,1,0.0
Karachi,Kashmir Colony,5672727.2727272725,4118516.94402024,11,0.7260206151317731
Karachi,Kashmir Road,32869722.222222224,48825937.85347335,18,1.4854381038992661
Karachi,Kemari Town,24435714.285714287,65117971.13574074,14,2.664868739843234
Karachi,Khalid Bin Walid Road,21234195.40229885,17466125.70196212,174,0.822547093075691
Karachi,Khaliq-uz-Zaman Road,36450000.0,31317361.684170377,8,0.8591868774806688
Karachi,Khayaban-e-Ittehad Road,26631576.923076924,49570275.64109206,26,1.8613346023133233
Karachi,Khuda Ki Basti,2756250.0,1555621.5263788726,16,0.5643978326998177
Karachi,Khudadad Colony,8035000.0,8840586.385928188,18,1.100259662218816
Karachi,Korangi,7036738.554216867,9906176.439986942,830,1.4077795222405305
Karachi,Korangi Road,8329921.052631579,10767623.034096692,38,1.2926440678204263
Karachi,Lalukhet,5667777.777777778,9242475.017247515,9,1.6307052569148721
Karachi,Landhi,7268150.684931506,6626810.150339706,73,0.9117601488475683
Karachi,Laraib Garden,5325000.0,763216.8761236875,4,0.14332711288707747
Karachi,Liaquat Avenue,6725000.0,1254657.987926059,4,0.1865662435577783
Karachi,Liaquatabad,4904673.580786026,6102393.661444238,458,1.2441997537512506
Karachi,Lines Area,6640000.0,10643337.82231871,6,1.60291232263836
Karachi,Lyari Expressway,2966058.8235294116,2854684.8002579077,17,0.9624505008504936
Karachi,Lyari Town,4139473.6842105263,4109899.260301226,19,0.9928555110708619
Karachi,M. A. Jinnah Road,8363820.512820513,6469239.168117452,39,0.7734789571585204
Karachi,MT Khan Road,9894166.666666666,8324986.736726171,6,0.8414035276738319
Karachi,Malir,17879370.761115298,23080558.052988976,1327,1.2909043814441954
Karachi,Malir Housing Scheme 1,50005333.333333336,43364156.688829236,3,0.8671906334423508
Karachi,Malir Link To Super Highway,13273660.0,6878851.611962125,100,0.518233223689783
Karachi,Manghopir Road,5620181.818181818,2789078.766122672,11,0.4962613054794311
Karachi,Mangopir,5250000.0,4171930.0090006306,2,0.7946533350477392
Karachi,Manzoor Colony,9328090.909090908,8021142.922793409,55,0.8598911611138156
Karachi,Maqboolabad Society,10768571.42857143,14510365.465844786,7,1.3474735773535884
Karachi,Maskan Chowrangi,5796250.0,4996934.853821224,16,0.8620978829107135
Karachi,Mauripur Road,3500000.0,,1,0.0
Karachi,Mehmoodabad,4738046.5587044535,5041909.423322288,247,1.0641325197743354
Karachi,Muslimabad Society,49803214.28571428,85094602.9991445,28,1.7086166870870683
Karachi,National Highway,19891666.666666668,41440350.52355556,12,2.08330207910627
Karachi,Naval Colony,17936111.111111112,26516941.341425013,18,1.4784108537886023
Karachi,Naval Housing Scheme,71822000.0,55011469.61759138,40,0.765941767391487
Karachi,Navy Housing Scheme Karsaz,72226914.41441442,58228721.17830271,222,0.8061914543961458
Karachi,Naya Nazimabad,11299613.861386139,5008729.846917873,101,0.44326557600645705
Karachi,Nazimabad,11078436.431989064,16286428.860047817,1463,1.4701017566901984
Karachi,New Karachi,7471196.180555556,4949673.78545892,288,0.6625008453587232
Karachi,Nishtar Road (Lawrence Road),3681300.0,2220121.921076508,10,0.6030809553898101
Karachi,Nooriabad,6200000.0,,1,0.0
Karachi,North Karachi,9555030.771967271,8900934.721329918,2811,0.9315443281923955
Karachi,North Nazimabad,18923051.13122172,27912554.44114223,3094,1.4750557004567015
Karachi,Northern Bypass,8423987.951807229,3920047.658663671,83,0.4653434550345824
Karachi,Numaish Chowrangi,16318181.818181818,6181717.913625334,11,0.3788239389965386
Karachi,Old Clifton,14428125.0,38624861.15902,8,2.677053405000303
Karachi,Old Queens Road,11260000.0,15895760.441073589,2,1.4117016377507627
Karachi,Old Ravians Co-Operative Housing Society,34250000.0,15564382.416273382,4,0.45443452310287247
Karachi,Orangi Town,5512555.118110236,8815392.148006143,127,1.5991481189993355
Karachi,Others,20333333.333333332,9237604.307034012,3,0.45430840854265636
Karachi,P & T Colony,6329467.391304348,5184970.440750117,92,0.8191795802397873
Karachi,PAF Housing Scheme,59165000.0,51083435.96509538,6,0.8634063376167561
Karachi,PIDC,70000.0,,1,0.0
Karachi,PTV Society,10871428.57142857,2923493.319098436,14,0.26891528559381145
Karachi,Pakistan Chowk,6801250.0,5717884.273766112,12,0.8407107919523781
Karachi,Peoples Colony,4111000.0,5782719.256543586,2,1.4066454041701741
Karachi,Police Society,17095500.0,17833766.217487544,6,1.043184827439241
Karachi,Punjab Chowrangi,8204857.142857143,10173958.475192685,14,1.2399921531905977
Karachi,Punjab Colony,3904953.125,3174385.8139991355,32,0.8129126553853666
Karachi,Qayyumabad,4274933.333333333,6659129.774406033,15,1.5577154671587938
Karachi,Rabia City,2923066.6666666665,1822889.0518180465,15,0.6236221269276718
Karachi,Ranchore Line Bazar,3300000.0,959166.3046625439,4,0.29065645595834666
Karachi,Rashid Minhas Road,9397892.857142856,11640908.69845355,84,1.2386722082712287
Karachi,Royal Defence Tower,8015000.0,11292495.295549164,2,1.4089201865937822
Karachi,Rufi Lake Drive Apartments,11141923.076923076,5329713.695586572,13,0.4783477375306393
Karachi,Rufi Rose Petals,12166666.666666666,4907477.288111819,3,0.4033542976530262
Karachi,Saadi Road,9410868.852459017,5522747.312933452,61,0.5868477607665719
Karachi,Saddar Town,7704374.193548387,6775497.8262954885,155,0.8794351956540823
Karachi,Saima Luxury Homes,9747562.5,5361967.130335049,24,0.5500828674178851
Karachi,Sakhi Hassan Chowrangi,4454444.444444444,907153.6682270417,9,0.2036513597915534
Karachi,Scheme 33,12476101.990405118,10217041.818365447,2814,0.8189290073312141
Karachi,Scheme 45,5566707.317073171,2786527.4558480703,41,0.5005701390661856
Karachi,Sea View Apartments,31137286.821705427,20550391.904411532,129,0.6599930180842251
Karachi,Shadman 2,10737888.888888888,8819912.243720349,18,0.8213823345524482
Karachi,Shah Faisal Town,7926633.771929825,8013486.118105271,228,1.0109570277465085
Karachi,Shah Rasool Colony,66733333.333333336,98169309.52865733,3,1.4710685743555045
Karachi,Shah Town,6072000.0,4630785.030640054,5,0.7626457560342644
Karachi,Shaheed Millat Road,21442208.588957056,25622117.209829602,163,1.1949383433861958
Karachi,Shaheed-e-Millat Expressway,13532500.0,7303462.363838127,10,0.5396979393192778
Karachi,Shahra-e-Faisal,16188165.898617512,34753920.18842034,217,2.146872005517831
Karachi,Shahra-e-Jahangir,8000000.0,,1,0.0
Karachi,Shahra-e-Liaquat,7500000.0,,1,0.0
Karachi,Shahra-e-Qaideen,10322058.823529411,10766860.623404741,17,1.043092352744725
Karachi,Shahra-e-Usman,3910000.0,1396603.0216206752,5,0.35718747356027497
Karachi,Shahrah-e-Pakistan,27867272.727272727,67350722.2071017,11,2.41683938239094
Karachi,Sher Shah Suri Road,4575000.0,2015254.3263816605,2,0.4404927489358821
Karachi,Sindh Industrial Trading Estate (SITE),7841240.0,7314959.280360578,25,0.9328829726370546
Karachi,Siraj-ud-Daula Road,124587500.0,134686168.40022337,4,1.0810568347564833
Karachi,Stadium Road,92432500.0,82932207.82779334,14,0.8972191364270505
Karachi,State Bank of Pakistan Staff Co-Operative Housing Society,5465600.0,5689614.820003196,5,1.0409863180626455
Karachi,Suparco Road,6079761.904761905,4228021.8294701595,21,0.6954255603592978
Karachi,Super Highway,11302560.975609757,10026533.057465028,41,0.8871027618520865
Karachi,Surti Muslim Co-Operative Housing Society,21516666.666666668,18672863.554723825,3,0.8678325432094729
Karachi,Tahir Villa,25000.0,,1,0.0
Karachi,Tariq Road,11317449.541284403,35437548.19017856,109,3.1312309421754043
Karachi,Teacher Society,16125428.57142857,15556548.23385898,7,0.9647215368540625
Karachi,Teachers Society,8725000.0,4153211.608703157,4,0.47601279182844203
Karachi,Times Residency,3650000.0,1484924.2404917497,2,0.4068285590388355
Karachi,Tipu Sultan Road,21396964.285714287,23986214.881302357,28,1.1210101844828888
Karachi,University Road,9029441.860465117,11036261.640403232,215,1.2222529156231525
Karachi,Zamzama,79092403.84615384,107194467.13704257,52,1.3553067288933498
Karachi,circular road,9666666.666666666,4041451.88432738,3,0.41808122941317727
